{
  "version": 1,
  "author": "Muhammad Talha Javed",
  "editor": "wokwi",
  "parts": [
    {
      "type": "board-esp32-s3-devkitc-1",
      "id": "esp",
      "top": -9.78,
      "left": 138.97,
      "attrs": { "env": "micropython-20231227-v1.22.0", "flashSize": "8" }
    },
    {
      "type": "wokwi-pushbutton",
      "id": "btn1",
      "top": 121.4,
      "left": 374.4,
      "attrs": { "color": "green", "xray": "1" }
    },
    {
      "type": "board-ssd1306",
      "id": "oled1",
      "top": 175.94,
      "left": -95.77,
      "attrs": { "i2cAddress": "0x3c" }
    },
    { "type": "wokwi-dht22", "id": "dht1", "top": -9.3, "left": -72.6, "attrs": {} }
  ],
  "connections": [
    [ "esp:TX", "$serialMonitor:RX", "", [] ],
    [ "esp:RX", "$serialMonitor:TX", "", [] ],
    [ "oled1:GND", "esp:GND.1", "black", [ "v-19.2", "h-57.6", "v115.2", "h153.6", "v-57.6" ] ],
    [ "dht1:GND", "esp:GND.1", "black", [ "v9.6", "h67.2", "v105.6" ] ],
    [ "dht1:SDA", "esp:4", "green", [ "v19.2", "h115.3", "v-76.8" ] ],
    [ "oled1:VCC", "esp:5V", "red", [ "v-38.4", "h-76.65", "v144", "h172.8", "v-76.8" ] ],
    [ "oled1:SCL", "esp:9", "cyan", [ "v-19.2", "h144.3", "v-9.6" ] ],
    [ "oled1:SDA", "esp:8", "yellow", [ "v-48", "h153.67", "v-9.6" ] ],
    [ "dht1:VCC", "esp:5V", "red", [ "v28.8", "h-86.4", "v163.2", "h201.6", "v-86.4" ] ],
    [ "btn1:1.l", "esp:0", "green", [ "h-115.2", "v9.6" ] ],
    [ "btn1:2.l", "esp:GND.4", "green", [ "h-48", "v67.4" ] ]
  ],
  "dependencies": {}
}